customer_id,kyc_status,document_type,verification_date
CUST100001,VERIFIED,AADHAR,2025-03-14
CUST100002,VERIFIED,AADHAR,2025-06-15
CUST100003,PENDING,PAN,2025-01-22
CUST100004,PENDING,AADHAR,2025-01-03
CUST100005,PENDING,AADHAR,2025-04-22
CUST100006,REJECTED,PAN,2025-01-06
CUST100007,REJECTED,AADHAR,2025-04-28
CUST100008,PENDING,PAN,2025-06-28
CUST100009,VERIFIED,PAN,2025-04-13
CUST100010,VERIFIED,PASSPORT,2025-04-25
CUST100011,PENDING,AADHAR,2025-03-14
CUST100012,VERIFIED,PASSPORT,2025-04-13
CUST100013,PENDING,AADHAR,2025-06-03
CUST100014,VERIFIED,PASSPORT,2025-01-11
CUST100015,REJECTED,AADHAR,2025-05-01
CUST100016,VERIFIED,PAN,2025-03-04
CUST100017,REJECTED,AADHAR,2025-02-23
CUST100018,PENDING,PASSPORT,2025-04-19
CUST100019,VERIFIED,AADHAR,2025-05-16
CUST100020,VERIFIED,AADHAR,2025-03-27
CUST100021,PENDING,PAN,2025-03-01
CUST100022,PENDING,AADHAR,2025-05-06
CUST100023,VERIFIED,PAN,2025-01-25
CUST100024,VERIFIED,AADHAR,2025-03-02
CUST100025,PENDING,AADHAR,2025-03-12
CUST100026,REJECTED,AADHAR,2025-02-17
CUST100027,PENDING,PASSPORT,2025-05-07
CUST100028,PENDING,PASSPORT,2025-05-12
CUST100029,VERIFIED,PASSPORT,2025-04-27
CUST100030,VERIFIED,PASSPORT,2025-03-02
CUST100031,REJECTED,PAN,2025-06-14
CUST100032,REJECTED,AADHAR,2025-03-30
CUST100033,REJECTED,PASSPORT,2025-05-30
CUST100034,VERIFIED,AADHAR,2025-02-05
CUST100035,PENDING,PAN,2025-04-08
CUST100036,PENDING,PASSPORT,2025-05-24
CUST100037,VERIFIED,PASSPORT,2025-03-20
CUST100038,PENDING,PAN,2025-03-08
CUST100039,VERIFIED,PASSPORT,2025-04-21
CUST100040,VERIFIED,PAN,2025-06-29
CUST100041,PENDING,PAN,2025-01-13
CUST100042,REJECTED,PASSPORT,2025-02-01
CUST100043,VERIFIED,PAN,2025-05-18
CUST100044,PENDING,PASSPORT,2025-05-03
CUST100045,PENDING,PAN,2025-03-03
CUST100046,PENDING,PASSPORT,2025-02-12
CUST100047,PENDING,PASSPORT,2025-05-16
CUST100048,VERIFIED,AADHAR,2025-04-05
CUST100049,REJECTED,AADHAR,2025-01-21
CUST100050,REJECTED,PAN,2025-03-11
CUST100051,VERIFIED,PAN,2025-06-22
CUST100052,VERIFIED,PASSPORT,2025-05-05
CUST100053,PENDING,PASSPORT,2025-03-13
CUST100054,PENDING,PASSPORT,2025-05-21
CUST100055,VERIFIED,AADHAR,2025-02-18
CUST100056,PENDING,PASSPORT,2025-03-26
CUST100057,PENDING,PASSPORT,2025-05-31
CUST100058,REJECTED,PAN,2025-01-13
CUST100059,REJECTED,AADHAR,2025-01-17
CUST100060,PENDING,PASSPORT,2025-04-03
CUST100061,REJECTED,PAN,2025-06-26
CUST100062,PENDING,PAN,2025-05-17
CUST100063,PENDING,AADHAR,2025-03-06
CUST100064,REJECTED,PASSPORT,2025-05-10
CUST100065,REJECTED,PASSPORT,2025-02-01
CUST100066,PENDING,PASSPORT,2025-02-21
CUST100067,PENDING,PAN,2025-03-07
CUST100068,REJECTED,PAN,2025-01-01
CUST100069,REJECTED,PAN,2025-04-09
CUST100070,VERIFIED,AADHAR,2025-06-16
CUST100071,VERIFIED,PAN,2025-06-03
CUST100072,REJECTED,PASSPORT,2025-03-01
CUST100073,PENDING,AADHAR,2025-01-10
CUST100074,PENDING,PASSPORT,2025-04-17
CUST100075,PENDING,PASSPORT,2025-04-18
CUST100076,VERIFIED,AADHAR,2025-01-10
CUST100077,REJECTED,PASSPORT,2025-05-15
CUST100078,PENDING,AADHAR,2025-02-13
CUST100079,REJECTED,PASSPORT,2025-06-11
CUST100080,REJECTED,AADHAR,2025-02-26
CUST100081,REJECTED,PASSPORT,2025-05-31
CUST100082,PENDING,PAN,2025-05-04
CUST100083,REJECTED,PAN,2025-01-31
CUST100084,PENDING,AADHAR,2025-04-02
CUST100085,REJECTED,AADHAR,2025-03-27
CUST100086,VERIFIED,AADHAR,2025-04-16
CUST100087,REJECTED,AADHAR,2025-05-26
CUST100088,PENDING,PASSPORT,2025-06-25
CUST100089,REJECTED,PASSPORT,2025-05-22
CUST100090,PENDING,PASSPORT,2025-06-01
CUST100091,VERIFIED,PAN,2025-02-28
CUST100092,PENDING,PASSPORT,2025-01-01
CUST100093,REJECTED,AADHAR,2025-02-21
CUST100094,PENDING,PASSPORT,2025-01-03
CUST100095,PENDING,AADHAR,2025-01-16
CUST100096,REJECTED,AADHAR,2025-01-31
CUST100097,REJECTED,PASSPORT,2025-06-01
CUST100098,REJECTED,PAN,2025-01-06
CUST100099,VERIFIED,AADHAR,2025-04-20
CUST100100,PENDING,AADHAR,2025-01-08
CUST100101,PENDING,PAN,2025-05-19
CUST100102,PENDING,AADHAR,2025-01-24
CUST100103,PENDING,AADHAR,2025-01-04
CUST100104,VERIFIED,AADHAR,2025-02-11
CUST100105,PENDING,PAN,2025-01-04
CUST100106,PENDING,PASSPORT,2025-05-21
CUST100107,PENDING,PASSPORT,2025-06-02
CUST100108,PENDING,PAN,2025-06-15
CUST100109,PENDING,PASSPORT,2025-05-27
CUST100110,VERIFIED,PAN,2025-06-25
CUST100111,PENDING,AADHAR,2025-02-11
CUST100112,REJECTED,PASSPORT,2025-05-14
CUST100113,VERIFIED,PAN,2025-03-15
CUST100114,VERIFIED,PASSPORT,2025-01-17
CUST100115,PENDING,PAN,2025-01-01
CUST100116,PENDING,PAN,2025-01-12
CUST100117,PENDING,PAN,2025-05-21
CUST100118,VERIFIED,PASSPORT,2025-03-10
CUST100119,PENDING,AADHAR,2025-05-12
CUST100120,PENDING,AADHAR,2025-06-11
CUST100121,REJECTED,PASSPORT,2025-04-29
CUST100122,PENDING,AADHAR,2025-04-25
CUST100123,PENDING,PAN,2025-04-01
CUST100124,REJECTED,PAN,2025-02-26
CUST100125,PENDING,AADHAR,2025-06-17
CUST100126,PENDING,PAN,2025-02-11
CUST100127,VERIFIED,PAN,2025-03-28
CUST100128,VERIFIED,PASSPORT,2025-05-10
CUST100129,PENDING,PASSPORT,2025-05-31
CUST100130,REJECTED,AADHAR,2025-06-03
CUST100131,PENDING,AADHAR,2025-02-12
CUST100132,PENDING,AADHAR,2025-03-24
CUST100133,VERIFIED,PASSPORT,2025-06-24
CUST100134,VERIFIED,AADHAR,2025-01-22
CUST100135,PENDING,PASSPORT,2025-05-27
CUST100136,VERIFIED,PASSPORT,2025-06-16
CUST100137,PENDING,AADHAR,2025-04-01
CUST100138,VERIFIED,AADHAR,2025-06-13
CUST100139,REJECTED,PASSPORT,2025-05-21
CUST100140,VERIFIED,PAN,2025-05-23
CUST100141,VERIFIED,AADHAR,2025-06-21
CUST100142,REJECTED,PAN,2025-04-07
CUST100143,REJECTED,PAN,2025-06-05
CUST100144,VERIFIED,PAN,2025-04-15
CUST100145,PENDING,PAN,2025-06-17
CUST100146,REJECTED,PAN,2025-05-14
CUST100147,PENDING,PAN,2025-03-12
CUST100148,VERIFIED,PAN,2025-02-01
CUST100149,VERIFIED,PASSPORT,2025-01-18
CUST100150,PENDING,PASSPORT,2025-02-19
CUST100151,VERIFIED,AADHAR,2025-03-08
CUST100152,REJECTED,AADHAR,2025-01-08
CUST100153,REJECTED,PAN,2025-05-15
CUST100154,REJECTED,PAN,2025-05-04
CUST100155,REJECTED,PASSPORT,2025-06-05
CUST100156,VERIFIED,PASSPORT,2025-06-12
CUST100157,PENDING,AADHAR,2025-01-01
CUST100158,VERIFIED,AADHAR,2025-06-10
CUST100159,VERIFIED,AADHAR,2025-05-05
CUST100160,PENDING,AADHAR,2025-03-17
CUST100161,VERIFIED,PASSPORT,2025-06-01
CUST100162,PENDING,PAN,2025-03-26
CUST100163,VERIFIED,PASSPORT,2025-03-04
CUST100164,VERIFIED,PAN,2025-04-23
CUST100165,REJECTED,PASSPORT,2025-02-18
CUST100166,VERIFIED,PAN,2025-02-02
CUST100167,VERIFIED,PAN,2025-01-19
CUST100168,REJECTED,PASSPORT,2025-01-19
CUST100169,REJECTED,PASSPORT,2025-04-25
CUST100170,REJECTED,AADHAR,2025-03-22
CUST100171,REJECTED,PASSPORT,2025-02-12
CUST100172,VERIFIED,AADHAR,2025-04-30
CUST100173,VERIFIED,AADHAR,2025-04-15
CUST100174,VERIFIED,AADHAR,2025-01-27
CUST100175,REJECTED,PASSPORT,2025-02-14
CUST100176,PENDING,PAN,2025-06-18
CUST100177,REJECTED,AADHAR,2025-06-18
CUST100178,REJECTED,PASSPORT,2025-03-11
CUST100179,REJECTED,PAN,2025-06-20
CUST100180,PENDING,PAN,2025-05-01
CUST100181,REJECTED,AADHAR,2025-03-06
CUST100182,VERIFIED,AADHAR,2025-02-13
CUST100183,PENDING,PASSPORT,2025-06-26
CUST100184,REJECTED,PAN,2025-05-21
CUST100185,VERIFIED,PAN,2025-05-20
CUST100186,PENDING,AADHAR,2025-01-10
CUST100187,PENDING,AADHAR,2025-06-13
CUST100188,REJECTED,AADHAR,2025-05-08
CUST100189,REJECTED,AADHAR,2025-02-21
CUST100190,PENDING,AADHAR,2025-02-02
CUST100191,REJECTED,PASSPORT,2025-01-04
CUST100192,REJECTED,PASSPORT,2025-04-09
CUST100193,PENDING,PAN,2025-02-16
CUST100194,REJECTED,PAN,2025-01-07
CUST100195,VERIFIED,PASSPORT,2025-01-23
CUST100196,PENDING,PASSPORT,2025-04-08
CUST100197,REJECTED,PASSPORT,2025-03-28
CUST100198,REJECTED,PAN,2025-03-23
CUST100199,VERIFIED,AADHAR,2025-03-19
CUST100200,PENDING,PAN,2025-01-11
CUST100201,REJECTED,AADHAR,2025-02-09
CUST100202,REJECTED,PASSPORT,2025-06-30
CUST100203,PENDING,PASSPORT,2025-05-29
CUST100204,PENDING,PAN,2025-03-29
CUST100205,REJECTED,AADHAR,2025-01-06
CUST100206,PENDING,PAN,2025-04-27
CUST100207,PENDING,PASSPORT,2025-03-06
CUST100208,VERIFIED,PAN,2025-03-23
CUST100209,REJECTED,PASSPORT,2025-06-17
CUST100210,REJECTED,PAN,2025-06-06
CUST100211,VERIFIED,PAN,2025-06-18
CUST100212,PENDING,PAN,2025-01-05
CUST100213,REJECTED,PAN,2025-03-01
CUST100214,REJECTED,PASSPORT,2025-05-21
CUST100215,REJECTED,PAN,2025-04-10
CUST100216,REJECTED,PAN,2025-06-20
CUST100217,REJECTED,PAN,2025-03-05
CUST100218,REJECTED,PASSPORT,2025-01-05
CUST100219,PENDING,AADHAR,2025-03-07
CUST100220,REJECTED,PAN,2025-04-27
CUST100221,REJECTED,PASSPORT,2025-05-23
CUST100222,VERIFIED,PAN,2025-02-26
CUST100223,REJECTED,PASSPORT,2025-02-22
CUST100224,PENDING,AADHAR,2025-03-04
CUST100225,PENDING,PAN,2025-02-27
CUST100226,PENDING,PAN,2025-02-22
CUST100227,PENDING,PAN,2025-06-19
CUST100228,REJECTED,PAN,2025-06-26
CUST100229,VERIFIED,AADHAR,2025-04-29
CUST100230,VERIFIED,AADHAR,2025-06-06
CUST100231,REJECTED,PAN,2025-06-10
CUST100232,PENDING,PAN,2025-05-04
CUST100233,REJECTED,PASSPORT,2025-04-05
CUST100234,VERIFIED,PAN,2025-06-08
CUST100235,PENDING,AADHAR,2025-03-29
CUST100236,VERIFIED,PASSPORT,2025-01-23
CUST100237,VERIFIED,PASSPORT,2025-01-04
CUST100238,REJECTED,PAN,2025-01-14
CUST100239,REJECTED,PAN,2025-06-14
CUST100240,VERIFIED,PAN,2025-06-18
CUST100241,REJECTED,PASSPORT,2025-01-23
CUST100242,PENDING,AADHAR,2025-02-09
CUST100243,REJECTED,AADHAR,2025-01-22
CUST100244,PENDING,PAN,2025-03-22
CUST100245,VERIFIED,PASSPORT,2025-02-02
CUST100246,REJECTED,AADHAR,2025-01-31
CUST100247,PENDING,PASSPORT,2025-06-01
CUST100248,VERIFIED,AADHAR,2025-05-26
CUST100249,REJECTED,AADHAR,2025-02-24
CUST100250,VERIFIED,PASSPORT,2025-06-02
CUST100251,PENDING,PASSPORT,2025-04-10
CUST100252,PENDING,AADHAR,2025-05-16
CUST100253,REJECTED,PAN,2025-03-23
CUST100254,PENDING,PASSPORT,2025-02-11
CUST100255,VERIFIED,PASSPORT,2025-01-13
CUST100256,REJECTED,AADHAR,2025-05-27
CUST100257,REJECTED,PAN,2025-03-09
CUST100258,VERIFIED,PASSPORT,2025-04-04
CUST100259,VERIFIED,PASSPORT,2025-05-04
CUST100260,VERIFIED,AADHAR,2025-05-11
CUST100261,VERIFIED,PASSPORT,2025-04-23
CUST100262,PENDING,AADHAR,2025-05-21
CUST100263,REJECTED,PASSPORT,2025-02-01
CUST100264,PENDING,PAN,2025-06-01
CUST100265,PENDING,AADHAR,2025-06-29
CUST100266,PENDING,AADHAR,2025-03-13
CUST100267,PENDING,AADHAR,2025-05-11
CUST100268,VERIFIED,PAN,2025-04-29
CUST100269,REJECTED,PAN,2025-04-12
CUST100270,VERIFIED,PAN,2025-06-23
CUST100271,VERIFIED,AADHAR,2025-06-27
CUST100272,VERIFIED,PASSPORT,2025-04-04
CUST100273,PENDING,AADHAR,2025-04-16
CUST100274,PENDING,PASSPORT,2025-03-06
CUST100275,REJECTED,AADHAR,2025-04-30
CUST100276,PENDING,PAN,2025-04-27
CUST100277,REJECTED,PASSPORT,2025-01-03
CUST100278,PENDING,AADHAR,2025-04-22
CUST100279,REJECTED,AADHAR,2025-03-04
CUST100280,PENDING,PASSPORT,2025-04-26
CUST100281,REJECTED,PASSPORT,2025-06-19
CUST100282,PENDING,PAN,2025-02-12
CUST100283,REJECTED,PAN,2025-01-16
CUST100284,PENDING,AADHAR,2025-03-12
CUST100285,PENDING,PASSPORT,2025-03-18
CUST100286,REJECTED,PAN,2025-06-05
CUST100287,PENDING,AADHAR,2025-05-13
CUST100288,REJECTED,PAN,2025-03-11
CUST100289,PENDING,PAN,2025-06-14
CUST100290,REJECTED,PASSPORT,2025-04-07
CUST100291,VERIFIED,PAN,2025-01-09
CUST100292,PENDING,PASSPORT,2025-01-19
CUST100293,VERIFIED,AADHAR,2025-02-11
CUST100294,VERIFIED,AADHAR,2025-05-21
CUST100295,PENDING,PAN,2025-02-16
CUST100296,REJECTED,PASSPORT,2025-06-08
CUST100297,REJECTED,PASSPORT,2025-05-17
CUST100298,REJECTED,AADHAR,2025-04-05
CUST100299,PENDING,AADHAR,2025-06-14
CUST100300,VERIFIED,AADHAR,2025-06-27
CUST100301,PENDING,PASSPORT,2025-06-11
CUST100302,REJECTED,PAN,2025-04-27
CUST100303,REJECTED,PAN,2025-06-11
CUST100304,VERIFIED,PASSPORT,2025-03-08
CUST100305,REJECTED,PAN,2025-06-02
CUST100306,PENDING,AADHAR,2025-02-08
CUST100307,REJECTED,AADHAR,2025-05-03
CUST100308,PENDING,PAN,2025-05-17
CUST100309,VERIFIED,PASSPORT,2025-06-21
CUST100310,PENDING,PAN,2025-03-08
CUST100311,VERIFIED,PASSPORT,2025-04-13
CUST100312,PENDING,AADHAR,2025-04-11
CUST100313,PENDING,PAN,2025-01-28
CUST100314,PENDING,PAN,2025-05-11
CUST100315,PENDING,AADHAR,2025-05-21
CUST100316,VERIFIED,PASSPORT,2025-06-03
CUST100317,VERIFIED,PASSPORT,2025-05-19
CUST100318,PENDING,PAN,2025-02-21
CUST100319,VERIFIED,AADHAR,2025-06-03
CUST100320,PENDING,PAN,2025-03-25
CUST100321,REJECTED,PASSPORT,2025-02-01
CUST100322,REJECTED,AADHAR,2025-03-24
CUST100323,REJECTED,PASSPORT,2025-01-18
CUST100324,PENDING,PAN,2025-05-08
CUST100325,REJECTED,AADHAR,2025-03-22
CUST100326,PENDING,AADHAR,2025-01-28
CUST100327,PENDING,AADHAR,2025-04-05
CUST100328,VERIFIED,PAN,2025-05-07
CUST100329,VERIFIED,PAN,2025-02-05
CUST100330,VERIFIED,PASSPORT,2025-04-27
CUST100331,VERIFIED,AADHAR,2025-05-20
CUST100332,PENDING,AADHAR,2025-01-05
CUST100333,VERIFIED,PAN,2025-04-07
CUST100334,VERIFIED,PAN,2025-01-04
CUST100335,REJECTED,AADHAR,2025-04-04
CUST100336,PENDING,PASSPORT,2025-03-28
CUST100337,PENDING,PAN,2025-01-16
CUST100338,PENDING,PASSPORT,2025-01-30
CUST100339,REJECTED,AADHAR,2025-02-11
CUST100340,REJECTED,PAN,2025-01-23
CUST100341,PENDING,AADHAR,2025-04-10
CUST100342,REJECTED,PASSPORT,2025-03-18
CUST100343,REJECTED,PASSPORT,2025-04-15
CUST100344,VERIFIED,PAN,2025-04-10
CUST100345,REJECTED,PASSPORT,2025-04-22
CUST100346,VERIFIED,PAN,2025-02-24
CUST100347,VERIFIED,AADHAR,2025-03-07
CUST100348,PENDING,PAN,2025-05-23
CUST100349,REJECTED,PASSPORT,2025-05-18
CUST100350,PENDING,AADHAR,2025-04-20
CUST100351,PENDING,AADHAR,2025-01-02
CUST100352,VERIFIED,AADHAR,2025-03-18
CUST100353,PENDING,AADHAR,2025-01-02
CUST100354,REJECTED,PAN,2025-03-14
CUST100355,REJECTED,PASSPORT,2025-02-11
CUST100356,PENDING,AADHAR,2025-02-28
CUST100357,PENDING,PASSPORT,2025-04-25
CUST100358,VERIFIED,AADHAR,2025-06-07
CUST100359,VERIFIED,PASSPORT,2025-01-17
CUST100360,VERIFIED,PAN,2025-06-23
CUST100361,VERIFIED,AADHAR,2025-04-23
CUST100362,REJECTED,PASSPORT,2025-03-04
CUST100363,REJECTED,AADHAR,2025-04-13
CUST100364,REJECTED,PAN,2025-02-20
CUST100365,REJECTED,AADHAR,2025-03-19
CUST100366,PENDING,AADHAR,2025-06-07
CUST100367,PENDING,PAN,2025-01-05
CUST100368,PENDING,PASSPORT,2025-06-12
CUST100369,VERIFIED,PASSPORT,2025-01-16
CUST100370,VERIFIED,AADHAR,2025-02-26
CUST100371,VERIFIED,PASSPORT,2025-06-11
CUST100372,VERIFIED,PAN,2025-01-31
CUST100373,PENDING,PAN,2025-05-15
CUST100374,REJECTED,PAN,2025-06-25
CUST100375,PENDING,PAN,2025-02-07
CUST100376,PENDING,AADHAR,2025-03-03
CUST100377,VERIFIED,PASSPORT,2025-06-22
CUST100378,PENDING,PAN,2025-05-22
CUST100379,PENDING,PAN,2025-05-20
CUST100380,VERIFIED,PASSPORT,2025-06-04
CUST100381,PENDING,AADHAR,2025-05-14
CUST100382,PENDING,AADHAR,2025-06-12
CUST100383,VERIFIED,PASSPORT,2025-06-04
CUST100384,PENDING,PAN,2025-05-04
CUST100385,PENDING,PAN,2025-03-09
CUST100386,REJECTED,AADHAR,2025-03-03
CUST100387,REJECTED,PAN,2025-02-18
CUST100388,REJECTED,PASSPORT,2025-02-23
CUST100389,PENDING,PAN,2025-01-22
CUST100390,PENDING,PAN,2025-03-25
CUST100391,REJECTED,PAN,2025-06-22
CUST100392,PENDING,AADHAR,2025-04-19
CUST100393,VERIFIED,PAN,2025-04-07
CUST100394,PENDING,PAN,2025-06-07
CUST100395,REJECTED,AADHAR,2025-02-03
CUST100396,PENDING,PAN,2025-04-08
CUST100397,VERIFIED,AADHAR,2025-02-16
CUST100398,VERIFIED,PASSPORT,2025-04-02
CUST100399,PENDING,PASSPORT,2025-05-29
CUST100400,PENDING,PASSPORT,2025-06-11
CUST100401,REJECTED,AADHAR,2025-03-20
CUST100402,PENDING,AADHAR,2025-06-20
CUST100403,VERIFIED,AADHAR,2025-03-23
CUST100404,VERIFIED,AADHAR,2025-05-07
CUST100405,VERIFIED,AADHAR,2025-05-05
CUST100406,VERIFIED,PAN,2025-02-20
CUST100407,VERIFIED,PASSPORT,2025-01-07
CUST100408,REJECTED,PAN,2025-01-19
CUST100409,VERIFIED,PAN,2025-03-21
CUST100410,REJECTED,PAN,2025-01-13
CUST100411,REJECTED,PAN,2025-04-03
CUST100412,VERIFIED,PAN,2025-06-25
CUST100413,REJECTED,PAN,2025-05-30
CUST100414,PENDING,PASSPORT,2025-04-13
CUST100415,REJECTED,AADHAR,2025-05-22
CUST100416,VERIFIED,AADHAR,2025-05-18
CUST100417,VERIFIED,PAN,2025-06-27
CUST100418,REJECTED,AADHAR,2025-01-15
CUST100419,VERIFIED,AADHAR,2025-04-27
CUST100420,REJECTED,PASSPORT,2025-03-01
CUST100421,PENDING,PASSPORT,2025-01-07
CUST100422,PENDING,PAN,2025-02-26
CUST100423,PENDING,AADHAR,2025-05-03
CUST100424,VERIFIED,PASSPORT,2025-06-25
CUST100425,VERIFIED,PASSPORT,2025-06-19
CUST100426,PENDING,AADHAR,2025-05-24
CUST100427,REJECTED,PASSPORT,2025-01-14
CUST100428,REJECTED,AADHAR,2025-03-11
CUST100429,REJECTED,PASSPORT,2025-03-06
CUST100430,PENDING,AADHAR,2025-02-12
CUST100431,VERIFIED,PASSPORT,2025-04-22
CUST100432,VERIFIED,PASSPORT,2025-03-29
CUST100433,REJECTED,PAN,2025-06-23
CUST100434,PENDING,PASSPORT,2025-05-14
CUST100435,REJECTED,AADHAR,2025-02-12
CUST100436,PENDING,AADHAR,2025-01-11
CUST100437,PENDING,PAN,2025-06-15
CUST100438,VERIFIED,AADHAR,2025-01-02
CUST100439,REJECTED,AADHAR,2025-05-31
CUST100440,REJECTED,AADHAR,2025-05-25
CUST100441,VERIFIED,PASSPORT,2025-01-14
CUST100442,PENDING,PAN,2025-05-21
CUST100443,REJECTED,PASSPORT,2025-05-02
CUST100444,PENDING,PASSPORT,2025-02-26
CUST100445,PENDING,PAN,2025-06-30
CUST100446,REJECTED,PAN,2025-02-02
CUST100447,VERIFIED,PASSPORT,2025-04-14
CUST100448,REJECTED,PASSPORT,2025-02-12
CUST100449,PENDING,PAN,2025-02-26
CUST100450,REJECTED,AADHAR,2025-02-06
CUST100451,VERIFIED,PASSPORT,2025-06-15
CUST100452,PENDING,AADHAR,2025-06-11
CUST100453,VERIFIED,AADHAR,2025-06-13
CUST100454,VERIFIED,AADHAR,2025-04-16
CUST100455,PENDING,AADHAR,2025-05-31
CUST100456,VERIFIED,PASSPORT,2025-06-18
CUST100457,VERIFIED,AADHAR,2025-05-11
CUST100458,PENDING,PASSPORT,2025-03-01
CUST100459,REJECTED,PAN,2025-01-02
CUST100460,REJECTED,PAN,2025-05-09
CUST100461,PENDING,PASSPORT,2025-05-15
CUST100462,REJECTED,PASSPORT,2025-01-19
CUST100463,VERIFIED,AADHAR,2025-04-04
CUST100464,PENDING,PASSPORT,2025-05-07
CUST100465,REJECTED,PAN,2025-06-25
CUST100466,PENDING,AADHAR,2025-04-06
CUST100467,REJECTED,PASSPORT,2025-06-28
CUST100468,PENDING,PAN,2025-06-20
CUST100469,VERIFIED,PASSPORT,2025-01-03
CUST100470,REJECTED,AADHAR,2025-04-16
CUST100471,PENDING,PAN,2025-06-11
CUST100472,PENDING,PAN,2025-01-22
CUST100473,REJECTED,PAN,2025-06-26
CUST100474,VERIFIED,PASSPORT,2025-06-04
CUST100475,REJECTED,AADHAR,2025-05-11
CUST100476,REJECTED,PAN,2025-05-08
CUST100477,REJECTED,PAN,2025-04-30
CUST100478,PENDING,PAN,2025-03-29
CUST100479,PENDING,PASSPORT,2025-01-07
CUST100480,VERIFIED,PAN,2025-06-27
CUST100481,PENDING,PAN,2025-03-27
CUST100482,VERIFIED,PAN,2025-06-29
CUST100483,REJECTED,PAN,2025-02-12
CUST100484,PENDING,PAN,2025-04-23
CUST100485,REJECTED,AADHAR,2025-01-16
CUST100486,REJECTED,PAN,2025-05-21
CUST100487,REJECTED,AADHAR,2025-02-09
CUST100488,REJECTED,PAN,2025-05-04
CUST100489,REJECTED,PAN,2025-03-09
CUST100490,VERIFIED,PAN,2025-05-15
CUST100491,PENDING,PAN,2025-02-23
CUST100492,REJECTED,PAN,2025-05-30
CUST100493,PENDING,AADHAR,2025-05-07
CUST100494,PENDING,AADHAR,2025-05-27
CUST100495,PENDING,AADHAR,2025-01-01
CUST100496,PENDING,PAN,2025-06-19
CUST100497,PENDING,AADHAR,2025-05-17
CUST100498,PENDING,PASSPORT,2025-05-28
CUST100499,REJECTED,PASSPORT,2025-03-29
CUST100500,REJECTED,PASSPORT,2025-01-07
CUST100501,REJECTED,AADHAR,2025-02-09
CUST100502,PENDING,PAN,2025-05-28
CUST100503,PENDING,AADHAR,2025-04-04
CUST100504,PENDING,PAN,2025-04-18
CUST100505,VERIFIED,PAN,2025-06-22
CUST100506,VERIFIED,PAN,2025-03-03
CUST100507,PENDING,PASSPORT,2025-01-06
CUST100508,PENDING,PASSPORT,2025-01-01
CUST100509,VERIFIED,PAN,2025-04-09
CUST100510,VERIFIED,PASSPORT,2025-01-26
CUST100511,REJECTED,PAN,2025-01-06
CUST100512,PENDING,PAN,2025-02-28
CUST100513,VERIFIED,PAN,2025-06-24
CUST100514,PENDING,PAN,2025-06-24
CUST100515,PENDING,AADHAR,2025-03-21
CUST100516,PENDING,PAN,2025-02-26
CUST100517,VERIFIED,AADHAR,2025-06-03
CUST100518,VERIFIED,PASSPORT,2025-06-19
CUST100519,REJECTED,PAN,2025-02-12
CUST100520,REJECTED,AADHAR,2025-04-06
CUST100521,PENDING,PASSPORT,2025-03-12
CUST100522,REJECTED,AADHAR,2025-06-16
CUST100523,REJECTED,AADHAR,2025-01-29
CUST100524,VERIFIED,PAN,2025-02-24
CUST100525,PENDING,PASSPORT,2025-06-03
CUST100526,PENDING,PASSPORT,2025-01-08
CUST100527,VERIFIED,PASSPORT,2025-01-15
CUST100528,VERIFIED,PASSPORT,2025-04-18
CUST100529,PENDING,AADHAR,2025-04-27
CUST100530,VERIFIED,PAN,2025-05-18
CUST100531,PENDING,PASSPORT,2025-05-28
CUST100532,VERIFIED,AADHAR,2025-01-23
CUST100533,REJECTED,AADHAR,2025-05-20
CUST100534,PENDING,PAN,2025-06-16
CUST100535,VERIFIED,PAN,2025-01-09
CUST100536,VERIFIED,PAN,2025-02-18
CUST100537,REJECTED,PAN,2025-06-01
CUST100538,PENDING,PASSPORT,2025-01-13
CUST100539,VERIFIED,PAN,2025-03-16
CUST100540,PENDING,PASSPORT,2025-06-01
CUST100541,REJECTED,PASSPORT,2025-04-28
CUST100542,REJECTED,PAN,2025-04-04
CUST100543,PENDING,PASSPORT,2025-02-04
CUST100544,VERIFIED,PAN,2025-02-25
CUST100545,REJECTED,PAN,2025-01-03
CUST100546,PENDING,PAN,2025-02-20
CUST100547,REJECTED,PASSPORT,2025-01-25
CUST100548,VERIFIED,PAN,2025-01-12
CUST100549,PENDING,AADHAR,2025-01-22
CUST100550,PENDING,AADHAR,2025-03-19
CUST100551,PENDING,PASSPORT,2025-02-22
CUST100552,REJECTED,AADHAR,2025-06-07
CUST100553,REJECTED,AADHAR,2025-02-22
CUST100554,PENDING,PASSPORT,2025-06-15
CUST100555,PENDING,AADHAR,2025-04-19
CUST100556,REJECTED,PASSPORT,2025-01-03
CUST100557,VERIFIED,AADHAR,2025-05-29
CUST100558,PENDING,PAN,2025-01-13
CUST100559,REJECTED,PAN,2025-06-09
CUST100560,REJECTED,PAN,2025-01-14
CUST100561,VERIFIED,PASSPORT,2025-05-28
CUST100562,PENDING,PASSPORT,2025-03-01
CUST100563,VERIFIED,PASSPORT,2025-02-01
CUST100564,PENDING,AADHAR,2025-05-22
CUST100565,VERIFIED,PASSPORT,2025-01-16
CUST100566,PENDING,AADHAR,2025-03-15
CUST100567,REJECTED,PASSPORT,2025-06-15
CUST100568,REJECTED,PASSPORT,2025-06-10
CUST100569,REJECTED,AADHAR,2025-03-29
CUST100570,REJECTED,PASSPORT,2025-06-01
CUST100571,PENDING,PAN,2025-02-13
CUST100572,VERIFIED,PAN,2025-03-18
CUST100573,PENDING,PAN,2025-02-10
CUST100574,VERIFIED,PASSPORT,2025-01-29
CUST100575,REJECTED,PAN,2025-05-12
CUST100576,PENDING,AADHAR,2025-05-18
CUST100577,REJECTED,AADHAR,2025-04-09
CUST100578,REJECTED,PAN,2025-04-22
CUST100579,REJECTED,PAN,2025-03-13
CUST100580,PENDING,PAN,2025-03-12
CUST100581,REJECTED,PASSPORT,2025-01-07
CUST100582,REJECTED,AADHAR,2025-02-09
CUST100583,REJECTED,PAN,2025-02-04
CUST100584,REJECTED,PAN,2025-06-04
CUST100585,REJECTED,PASSPORT,2025-01-28
CUST100586,VERIFIED,AADHAR,2025-05-14
CUST100587,REJECTED,PAN,2025-02-26
CUST100588,REJECTED,AADHAR,2025-06-01
CUST100589,PENDING,PAN,2025-01-05
CUST100590,REJECTED,AADHAR,2025-05-07
CUST100591,REJECTED,AADHAR,2025-05-07
CUST100592,REJECTED,AADHAR,2025-04-08
CUST100593,PENDING,AADHAR,2025-05-08
CUST100594,REJECTED,PASSPORT,2025-02-09
CUST100595,PENDING,AADHAR,2025-05-15
CUST100596,PENDING,PAN,2025-01-07
CUST100597,VERIFIED,AADHAR,2025-06-04
CUST100598,REJECTED,PAN,2025-02-04
CUST100599,VERIFIED,AADHAR,2025-01-09
CUST100600,VERIFIED,AADHAR,2025-02-16
CUST100601,PENDING,AADHAR,2025-04-17
CUST100602,VERIFIED,AADHAR,2025-06-05
CUST100603,VERIFIED,PASSPORT,2025-02-27
CUST100604,PENDING,PASSPORT,2025-03-03
CUST100605,PENDING,PAN,2025-02-16
CUST100606,VERIFIED,PAN,2025-03-24
CUST100607,REJECTED,AADHAR,2025-03-09
CUST100608,REJECTED,PASSPORT,2025-01-06
CUST100609,PENDING,PAN,2025-06-22
CUST100610,PENDING,PAN,2025-03-25
CUST100611,PENDING,AADHAR,2025-05-10
CUST100612,REJECTED,PAN,2025-01-18
CUST100613,REJECTED,PAN,2025-03-26
CUST100614,PENDING,PAN,2025-02-05
CUST100615,PENDING,PAN,2025-01-08
CUST100616,PENDING,PAN,2025-06-02
CUST100617,PENDING,PAN,2025-04-13
CUST100618,VERIFIED,PASSPORT,2025-06-18
CUST100619,REJECTED,PASSPORT,2025-03-07
CUST100620,REJECTED,PAN,2025-04-07
CUST100621,VERIFIED,AADHAR,2025-04-23
CUST100622,VERIFIED,AADHAR,2025-01-15
CUST100623,VERIFIED,AADHAR,2025-02-16
CUST100624,PENDING,PAN,2025-01-23
CUST100625,VERIFIED,PAN,2025-06-05
CUST100626,VERIFIED,PASSPORT,2025-04-26
CUST100627,VERIFIED,PASSPORT,2025-04-08
CUST100628,PENDING,AADHAR,2025-01-30
CUST100629,PENDING,AADHAR,2025-04-06
CUST100630,REJECTED,AADHAR,2025-01-02
CUST100631,PENDING,PASSPORT,2025-03-13
CUST100632,PENDING,AADHAR,2025-01-22
CUST100633,PENDING,PAN,2025-02-04
CUST100634,VERIFIED,PASSPORT,2025-05-13
CUST100635,VERIFIED,AADHAR,2025-05-09
CUST100636,PENDING,PASSPORT,2025-02-24
CUST100637,PENDING,PASSPORT,2025-02-04
CUST100638,REJECTED,AADHAR,2025-04-05
CUST100639,PENDING,PASSPORT,2025-05-21
CUST100640,REJECTED,PAN,2025-04-10
CUST100641,PENDING,PAN,2025-01-20
CUST100642,REJECTED,PAN,2025-03-31
CUST100643,PENDING,PASSPORT,2025-05-15
CUST100644,VERIFIED,AADHAR,2025-06-27
CUST100645,VERIFIED,AADHAR,2025-06-16
CUST100646,PENDING,PASSPORT,2025-05-15
CUST100647,REJECTED,AADHAR,2025-03-28
CUST100648,VERIFIED,PAN,2025-03-28
CUST100649,PENDING,AADHAR,2025-03-31
CUST100650,REJECTED,PAN,2025-06-30
CUST100651,VERIFIED,PAN,2025-05-24
CUST100652,PENDING,PAN,2025-04-30
CUST100653,REJECTED,PASSPORT,2025-03-11
CUST100654,REJECTED,PASSPORT,2025-03-30
CUST100655,PENDING,AADHAR,2025-06-27
CUST100656,REJECTED,AADHAR,2025-03-24
CUST100657,PENDING,PASSPORT,2025-06-10
CUST100658,VERIFIED,AADHAR,2025-03-01
CUST100659,PENDING,PAN,2025-02-25
CUST100660,REJECTED,PAN,2025-03-21
CUST100661,VERIFIED,PAN,2025-02-17
CUST100662,REJECTED,PASSPORT,2025-03-25
CUST100663,PENDING,PAN,2025-05-02
CUST100664,VERIFIED,PAN,2025-05-19
CUST100665,REJECTED,PAN,2025-03-21
CUST100666,PENDING,PASSPORT,2025-02-17
CUST100667,REJECTED,AADHAR,2025-01-11
CUST100668,PENDING,PAN,2025-02-02
CUST100669,PENDING,AADHAR,2025-05-16
CUST100670,VERIFIED,PASSPORT,2025-05-04
CUST100671,VERIFIED,PAN,2025-06-08
CUST100672,VERIFIED,PAN,2025-06-16
CUST100673,VERIFIED,AADHAR,2025-03-31
CUST100674,PENDING,AADHAR,2025-04-11
CUST100675,REJECTED,PASSPORT,2025-04-20
CUST100676,PENDING,PAN,2025-05-29
CUST100677,REJECTED,PASSPORT,2025-01-11
CUST100678,REJECTED,PAN,2025-02-24
CUST100679,VERIFIED,AADHAR,2025-04-16
CUST100680,PENDING,PASSPORT,2025-01-20
CUST100681,VERIFIED,AADHAR,2025-06-08
CUST100682,VERIFIED,AADHAR,2025-05-02
CUST100683,PENDING,PASSPORT,2025-05-31
CUST100684,REJECTED,AADHAR,2025-01-24
CUST100685,PENDING,PASSPORT,2025-05-28
CUST100686,REJECTED,PAN,2025-01-07
CUST100687,VERIFIED,PASSPORT,2025-02-07
CUST100688,REJECTED,PASSPORT,2025-02-28
CUST100689,REJECTED,PASSPORT,2025-03-19
CUST100690,VERIFIED,PAN,2025-01-31
CUST100691,PENDING,PAN,2025-06-27
CUST100692,VERIFIED,PASSPORT,2025-05-30
CUST100693,PENDING,PASSPORT,2025-05-28
CUST100694,PENDING,PAN,2025-06-13
CUST100695,PENDING,AADHAR,2025-02-21
CUST100696,REJECTED,PAN,2025-05-20
CUST100697,PENDING,AADHAR,2025-02-25
CUST100698,PENDING,PASSPORT,2025-05-21
CUST100699,VERIFIED,AADHAR,2025-02-17
CUST100700,REJECTED,PASSPORT,2025-03-30
CUST100701,REJECTED,PAN,2025-06-29
CUST100702,PENDING,PAN,2025-06-05
CUST100703,VERIFIED,PAN,2025-05-28
CUST100704,PENDING,PAN,2025-05-02
CUST100705,VERIFIED,PAN,2025-03-07
CUST100706,VERIFIED,AADHAR,2025-03-01
CUST100707,PENDING,PAN,2025-06-12
CUST100708,PENDING,PAN,2025-05-07
CUST100709,REJECTED,PAN,2025-02-28
CUST100710,VERIFIED,AADHAR,2025-04-03
CUST100711,REJECTED,AADHAR,2025-06-07
CUST100712,PENDING,PAN,2025-01-20
CUST100713,VERIFIED,PASSPORT,2025-05-24
CUST100714,VERIFIED,AADHAR,2025-02-08
CUST100715,PENDING,AADHAR,2025-01-07
CUST100716,PENDING,AADHAR,2025-05-12
CUST100717,PENDING,PAN,2025-02-21
CUST100718,REJECTED,PASSPORT,2025-04-26
CUST100719,VERIFIED,PAN,2025-02-28
CUST100720,REJECTED,PAN,2025-02-04
CUST100721,VERIFIED,PASSPORT,2025-03-03
CUST100722,VERIFIED,PASSPORT,2025-06-24
CUST100723,PENDING,PAN,2025-01-27
CUST100724,VERIFIED,AADHAR,2025-01-03
CUST100725,PENDING,PAN,2025-05-24
CUST100726,PENDING,PAN,2025-04-27
CUST100727,VERIFIED,AADHAR,2025-02-26
CUST100728,REJECTED,PAN,2025-03-01
CUST100729,REJECTED,PASSPORT,2025-06-11
CUST100730,VERIFIED,PAN,2025-06-24
CUST100731,REJECTED,PASSPORT,2025-05-09
CUST100732,VERIFIED,PAN,2025-03-19
CUST100733,REJECTED,AADHAR,2025-05-17
CUST100734,VERIFIED,AADHAR,2025-02-21
CUST100735,VERIFIED,PASSPORT,2025-03-08
CUST100736,PENDING,PAN,2025-03-01
CUST100737,VERIFIED,PAN,2025-02-16
CUST100738,VERIFIED,PASSPORT,2025-01-12
CUST100739,PENDING,AADHAR,2025-02-12
CUST100740,PENDING,PASSPORT,2025-02-25
CUST100741,VERIFIED,AADHAR,2025-04-20
CUST100742,PENDING,PASSPORT,2025-03-31
CUST100743,VERIFIED,AADHAR,2025-04-23
CUST100744,PENDING,PAN,2025-04-24
CUST100745,VERIFIED,PAN,2025-01-07
CUST100746,REJECTED,PAN,2025-04-18
CUST100747,REJECTED,PAN,2025-05-02
CUST100748,PENDING,PASSPORT,2025-05-28
CUST100749,REJECTED,PASSPORT,2025-04-20
CUST100750,PENDING,PASSPORT,2025-04-10
CUST100751,VERIFIED,PASSPORT,2025-04-19
CUST100752,PENDING,PASSPORT,2025-03-27
CUST100753,REJECTED,AADHAR,2025-01-06
CUST100754,PENDING,PAN,2025-01-13
CUST100755,PENDING,PASSPORT,2025-02-28
CUST100756,VERIFIED,PASSPORT,2025-02-06
CUST100757,REJECTED,AADHAR,2025-05-10
CUST100758,VERIFIED,PAN,2025-03-10
CUST100759,REJECTED,PAN,2025-03-29
CUST100760,PENDING,PAN,2025-01-15
CUST100761,REJECTED,PASSPORT,2025-06-02
CUST100762,VERIFIED,PASSPORT,2025-06-16
CUST100763,REJECTED,PAN,2025-02-01
CUST100764,VERIFIED,AADHAR,2025-05-10
CUST100765,VERIFIED,PAN,2025-03-30
CUST100766,VERIFIED,PASSPORT,2025-01-27
CUST100767,PENDING,PASSPORT,2025-03-26
CUST100768,VERIFIED,PAN,2025-01-07
CUST100769,VERIFIED,AADHAR,2025-02-27
CUST100770,REJECTED,PASSPORT,2025-03-15
CUST100771,VERIFIED,PAN,2025-05-25
CUST100772,REJECTED,PAN,2025-06-06
CUST100773,REJECTED,AADHAR,2025-05-22
CUST100774,REJECTED,PAN,2025-05-07
CUST100775,REJECTED,PASSPORT,2025-01-22
CUST100776,REJECTED,PASSPORT,2025-04-01
CUST100777,PENDING,PAN,2025-01-08
CUST100778,PENDING,PAN,2025-05-01
CUST100779,REJECTED,PAN,2025-05-02
CUST100780,VERIFIED,PASSPORT,2025-04-03
CUST100781,VERIFIED,AADHAR,2025-06-17
CUST100782,VERIFIED,PAN,2025-02-19
CUST100783,REJECTED,AADHAR,2025-06-14
CUST100784,REJECTED,PAN,2025-01-26
CUST100785,REJECTED,PASSPORT,2025-02-07
CUST100786,PENDING,AADHAR,2025-06-12
CUST100787,REJECTED,PASSPORT,2025-04-18
CUST100788,VERIFIED,PASSPORT,2025-03-15
CUST100789,VERIFIED,PAN,2025-02-13
CUST100790,VERIFIED,AADHAR,2025-02-26
CUST100791,REJECTED,AADHAR,2025-06-04
CUST100792,PENDING,PAN,2025-04-07
CUST100793,VERIFIED,AADHAR,2025-03-30
CUST100794,REJECTED,AADHAR,2025-01-12
CUST100795,REJECTED,PAN,2025-05-22
CUST100796,PENDING,AADHAR,2025-05-06
CUST100797,REJECTED,AADHAR,2025-03-17
CUST100798,PENDING,PAN,2025-06-19
CUST100799,PENDING,PASSPORT,2025-02-28
CUST100800,VERIFIED,AADHAR,2025-01-19
CUST100801,REJECTED,PASSPORT,2025-03-18
CUST100802,REJECTED,PASSPORT,2025-02-12
CUST100803,PENDING,PAN,2025-04-13
CUST100804,REJECTED,PAN,2025-02-04
CUST100805,VERIFIED,PASSPORT,2025-06-19
CUST100806,REJECTED,AADHAR,2025-03-29
CUST100807,VERIFIED,PASSPORT,2025-05-22
CUST100808,REJECTED,PAN,2025-02-02
CUST100809,REJECTED,PAN,2025-05-20
CUST100810,REJECTED,PAN,2025-04-01
CUST100811,PENDING,PAN,2025-03-22
CUST100812,PENDING,AADHAR,2025-04-29
CUST100813,REJECTED,AADHAR,2025-02-26
CUST100814,PENDING,PASSPORT,2025-01-13
CUST100815,REJECTED,PASSPORT,2025-02-15
CUST100816,PENDING,AADHAR,2025-04-19
CUST100817,REJECTED,AADHAR,2025-06-07
CUST100818,REJECTED,AADHAR,2025-02-09
CUST100819,REJECTED,PASSPORT,2025-02-01
CUST100820,REJECTED,PASSPORT,2025-06-04
CUST100821,VERIFIED,PASSPORT,2025-01-03
CUST100822,REJECTED,PASSPORT,2025-06-01
CUST100823,VERIFIED,PASSPORT,2025-05-15
CUST100824,REJECTED,AADHAR,2025-02-23
CUST100825,PENDING,PAN,2025-04-07
CUST100826,REJECTED,AADHAR,2025-02-21
CUST100827,PENDING,PASSPORT,2025-06-01
CUST100828,REJECTED,PASSPORT,2025-03-20
CUST100829,VERIFIED,PAN,2025-05-16
CUST100830,REJECTED,AADHAR,2025-04-27
CUST100831,PENDING,AADHAR,2025-04-27
CUST100832,PENDING,PAN,2025-04-14
CUST100833,REJECTED,PASSPORT,2025-04-26
CUST100834,PENDING,AADHAR,2025-02-11
CUST100835,VERIFIED,PAN,2025-01-20
CUST100836,VERIFIED,AADHAR,2025-03-15
CUST100837,PENDING,PAN,2025-04-27
CUST100838,PENDING,AADHAR,2025-05-24
CUST100839,PENDING,PAN,2025-01-11
CUST100840,REJECTED,PASSPORT,2025-05-24
CUST100841,PENDING,PASSPORT,2025-06-07
CUST100842,VERIFIED,PAN,2025-06-19
CUST100843,PENDING,PAN,2025-05-07
CUST100844,REJECTED,PASSPORT,2025-06-08
CUST100845,VERIFIED,PASSPORT,2025-05-01
CUST100846,REJECTED,PAN,2025-06-22
CUST100847,PENDING,AADHAR,2025-01-03
CUST100848,VERIFIED,PAN,2025-06-07
CUST100849,VERIFIED,AADHAR,2025-02-18
CUST100850,REJECTED,PASSPORT,2025-04-11
CUST100851,PENDING,PASSPORT,2025-06-15
CUST100852,VERIFIED,PAN,2025-04-28
CUST100853,VERIFIED,PAN,2025-03-29
CUST100854,REJECTED,AADHAR,2025-04-17
CUST100855,REJECTED,PAN,2025-04-27
CUST100856,REJECTED,PASSPORT,2025-02-16
CUST100857,VERIFIED,PAN,2025-04-06
CUST100858,VERIFIED,AADHAR,2025-03-26
CUST100859,PENDING,PASSPORT,2025-01-21
CUST100860,VERIFIED,PASSPORT,2025-03-31
CUST100861,REJECTED,AADHAR,2025-05-30
CUST100862,VERIFIED,PASSPORT,2025-02-07
CUST100863,PENDING,AADHAR,2025-03-13
CUST100864,VERIFIED,PAN,2025-04-08
CUST100865,REJECTED,PASSPORT,2025-03-03
CUST100866,REJECTED,AADHAR,2025-01-13
CUST100867,VERIFIED,PASSPORT,2025-01-27
CUST100868,REJECTED,AADHAR,2025-01-13
CUST100869,VERIFIED,PAN,2025-05-10
CUST100870,VERIFIED,PAN,2025-04-12
CUST100871,PENDING,PASSPORT,2025-06-25
CUST100872,REJECTED,PASSPORT,2025-03-02
CUST100873,REJECTED,PASSPORT,2025-03-28
CUST100874,REJECTED,PAN,2025-04-04
CUST100875,REJECTED,AADHAR,2025-01-21
CUST100876,PENDING,PAN,2025-04-29
CUST100877,PENDING,PASSPORT,2025-05-09
CUST100878,PENDING,PAN,2025-04-26
CUST100879,REJECTED,PAN,2025-04-28
CUST100880,REJECTED,AADHAR,2025-06-04
CUST100881,PENDING,PASSPORT,2025-04-13
CUST100882,VERIFIED,PASSPORT,2025-04-29
CUST100883,PENDING,PAN,2025-06-14
CUST100884,REJECTED,PAN,2025-01-05
CUST100885,VERIFIED,PAN,2025-02-09
CUST100886,REJECTED,PAN,2025-04-17
CUST100887,VERIFIED,PASSPORT,2025-03-13
CUST100888,PENDING,PAN,2025-05-18
CUST100889,REJECTED,PASSPORT,2025-02-22
CUST100890,PENDING,PASSPORT,2025-02-07
CUST100891,PENDING,PASSPORT,2025-05-06
CUST100892,REJECTED,AADHAR,2025-05-31
CUST100893,VERIFIED,AADHAR,2025-02-11
CUST100894,PENDING,PAN,2025-06-26
CUST100895,VERIFIED,PASSPORT,2025-01-26
CUST100896,REJECTED,PAN,2025-02-10
CUST100897,REJECTED,AADHAR,2025-03-09
CUST100898,PENDING,PASSPORT,2025-05-01
CUST100899,PENDING,PASSPORT,2025-02-23
CUST100900,REJECTED,PASSPORT,2025-06-15
CUST100901,PENDING,PASSPORT,2025-03-26
CUST100902,REJECTED,PASSPORT,2025-01-05
CUST100903,REJECTED,PAN,2025-04-07
CUST100904,PENDING,PASSPORT,2025-02-07
CUST100905,REJECTED,PAN,2025-05-30
CUST100906,REJECTED,AADHAR,2025-03-03
CUST100907,REJECTED,PASSPORT,2025-02-22
CUST100908,REJECTED,PASSPORT,2025-05-02
CUST100909,PENDING,PAN,2025-01-19
CUST100910,VERIFIED,PAN,2025-05-30
CUST100911,REJECTED,PASSPORT,2025-01-23
CUST100912,PENDING,PASSPORT,2025-02-05
CUST100913,VERIFIED,PAN,2025-06-10
CUST100914,VERIFIED,AADHAR,2025-06-29
CUST100915,PENDING,PAN,2025-01-16
CUST100916,REJECTED,PAN,2025-02-22
CUST100917,VERIFIED,PAN,2025-05-12
CUST100918,REJECTED,AADHAR,2025-06-03
CUST100919,PENDING,PASSPORT,2025-01-30
CUST100920,VERIFIED,PAN,2025-04-27
CUST100921,VERIFIED,PAN,2025-04-16
CUST100922,PENDING,PAN,2025-05-17
CUST100923,REJECTED,PASSPORT,2025-04-21
CUST100924,VERIFIED,PASSPORT,2025-01-14
CUST100925,PENDING,AADHAR,2025-04-09
CUST100926,REJECTED,AADHAR,2025-04-24
CUST100927,REJECTED,AADHAR,2025-03-25
CUST100928,REJECTED,PAN,2025-05-01
CUST100929,REJECTED,PAN,2025-03-29
CUST100930,VERIFIED,PAN,2025-05-29
CUST100931,PENDING,AADHAR,2025-04-06
CUST100932,VERIFIED,AADHAR,2025-04-12
CUST100933,REJECTED,PASSPORT,2025-04-19
CUST100934,PENDING,PASSPORT,2025-05-20
CUST100935,VERIFIED,AADHAR,2025-03-12
CUST100936,REJECTED,AADHAR,2025-02-14
CUST100937,VERIFIED,AADHAR,2025-01-18
CUST100938,PENDING,PASSPORT,2025-05-12
CUST100939,REJECTED,PASSPORT,2025-06-27
CUST100940,REJECTED,AADHAR,2025-04-24
CUST100941,REJECTED,PASSPORT,2025-05-25
CUST100942,PENDING,PAN,2025-06-19
CUST100943,PENDING,PAN,2025-05-21
CUST100944,REJECTED,PASSPORT,2025-04-24
CUST100945,PENDING,AADHAR,2025-04-01
CUST100946,VERIFIED,PASSPORT,2025-06-03
CUST100947,PENDING,PASSPORT,2025-01-03
CUST100948,REJECTED,PASSPORT,2025-03-07
CUST100949,VERIFIED,AADHAR,2025-02-12
CUST100950,PENDING,PASSPORT,2025-04-23
CUST100951,VERIFIED,PASSPORT,2025-06-01
CUST100952,PENDING,PAN,2025-04-16
CUST100953,VERIFIED,PAN,2025-02-04
CUST100954,PENDING,PASSPORT,2025-04-04
CUST100955,PENDING,PASSPORT,2025-03-16
CUST100956,REJECTED,PASSPORT,2025-05-19
CUST100957,PENDING,AADHAR,2025-02-13
CUST100958,PENDING,PASSPORT,2025-03-26
CUST100959,VERIFIED,PAN,2025-02-20
CUST100960,PENDING,PAN,2025-01-24
CUST100961,VERIFIED,PASSPORT,2025-05-21
CUST100962,PENDING,PASSPORT,2025-06-23
CUST100963,VERIFIED,AADHAR,2025-02-05
CUST100964,REJECTED,PAN,2025-04-21
CUST100965,VERIFIED,PASSPORT,2025-05-17
CUST100966,VERIFIED,PASSPORT,2025-02-26
CUST100967,VERIFIED,PAN,2025-03-30
CUST100968,PENDING,AADHAR,2025-05-14
CUST100969,VERIFIED,PAN,2025-02-13
CUST100970,REJECTED,PASSPORT,2025-06-18
CUST100971,PENDING,AADHAR,2025-01-18
CUST100972,VERIFIED,AADHAR,2025-04-17
CUST100973,VERIFIED,PASSPORT,2025-03-13
CUST100974,VERIFIED,AADHAR,2025-01-26
CUST100975,PENDING,PAN,2025-05-24
CUST100976,PENDING,PASSPORT,2025-03-29
CUST100977,REJECTED,PASSPORT,2025-03-11
CUST100978,REJECTED,PASSPORT,2025-06-11
CUST100979,VERIFIED,PAN,2025-04-14
CUST100980,PENDING,PASSPORT,2025-04-14
CUST100981,REJECTED,PAN,2025-06-02
CUST100982,REJECTED,AADHAR,2025-05-24
CUST100983,REJECTED,AADHAR,2025-03-24
CUST100984,VERIFIED,PASSPORT,2025-03-16
CUST100985,PENDING,PASSPORT,2025-04-09
CUST100986,VERIFIED,PASSPORT,2025-01-12
CUST100987,PENDING,AADHAR,2025-01-06
CUST100988,REJECTED,PASSPORT,2025-01-02
CUST100989,PENDING,PASSPORT,2025-01-19
CUST100990,PENDING,AADHAR,2025-03-07
CUST100991,VERIFIED,PAN,2025-06-23
CUST100992,VERIFIED,PASSPORT,2025-04-10
CUST100993,VERIFIED,PASSPORT,2025-04-21
CUST100994,PENDING,PASSPORT,2025-05-01
CUST100995,VERIFIED,PAN,2025-02-19
CUST100996,PENDING,PASSPORT,2025-03-17
CUST100997,VERIFIED,PAN,2025-04-24
CUST100998,VERIFIED,PASSPORT,2025-02-03
CUST100999,VERIFIED,AADHAR,2025-06-05
CUST101000,PENDING,AADHAR,2025-03-17
CUST101001,REJECTED,PAN,2025-02-09
CUST101002,PENDING,AADHAR,2025-01-21
CUST101003,REJECTED,PASSPORT,2025-03-01
CUST101004,VERIFIED,PASSPORT,2025-03-28
CUST101005,VERIFIED,PAN,2025-05-17
CUST101006,VERIFIED,PASSPORT,2025-06-23
CUST101007,VERIFIED,PAN,2025-06-07
CUST101008,VERIFIED,PAN,2025-03-21
CUST101009,PENDING,PASSPORT,2025-04-07
CUST101010,REJECTED,AADHAR,2025-06-24
CUST101011,REJECTED,PAN,2025-01-24
CUST101012,REJECTED,PASSPORT,2025-05-07
CUST101013,VERIFIED,AADHAR,2025-04-23
CUST101014,VERIFIED,AADHAR,2025-03-11
CUST101015,PENDING,PASSPORT,2025-05-02
CUST101016,VERIFIED,AADHAR,2025-03-11
CUST101017,PENDING,PASSPORT,2025-04-26
CUST101018,VERIFIED,PAN,2025-03-27
CUST101019,PENDING,AADHAR,2025-04-28
CUST101020,REJECTED,AADHAR,2025-02-14
CUST101021,VERIFIED,PAN,2025-04-26
CUST101022,PENDING,PAN,2025-02-24
CUST101023,VERIFIED,PAN,2025-06-29
CUST101024,VERIFIED,AADHAR,2025-04-22
CUST101025,REJECTED,PASSPORT,2025-04-23
CUST101026,PENDING,PAN,2025-06-20
CUST101027,VERIFIED,PAN,2025-02-25
CUST101028,REJECTED,PAN,2025-04-26
CUST101029,REJECTED,PAN,2025-03-10
CUST101030,PENDING,PAN,2025-03-04
CUST101031,PENDING,AADHAR,2025-02-17
CUST101032,REJECTED,PASSPORT,2025-03-28
CUST101033,REJECTED,PAN,2025-06-21
CUST101034,PENDING,PAN,2025-05-01
CUST101035,PENDING,PASSPORT,2025-01-26
CUST101036,VERIFIED,PASSPORT,2025-06-15
CUST101037,PENDING,AADHAR,2025-03-02
CUST101038,PENDING,PAN,2025-05-10
CUST101039,PENDING,PASSPORT,2025-06-07
CUST101040,REJECTED,PAN,2025-06-06
CUST101041,PENDING,AADHAR,2025-05-07
CUST101042,VERIFIED,PAN,2025-03-16
CUST101043,VERIFIED,PAN,2025-05-16
CUST101044,PENDING,PASSPORT,2025-06-13
CUST101045,REJECTED,AADHAR,2025-01-03
CUST101046,VERIFIED,PAN,2025-05-06
CUST101047,PENDING,PAN,2025-05-04
CUST101048,PENDING,PASSPORT,2025-03-13
CUST101049,REJECTED,PAN,2025-06-15
CUST101050,VERIFIED,PAN,2025-04-30
